{
  "extras": [
    "lazyvim.plugins.extras.coding.mini-surround",
    "lazyvim.plugins.extras.coding.yanky",
    "lazyvim.plugins.extras.editor.aerial",
    "lazyvim.plugins.extras.editor.fzf",
    "lazyvim.plugins.extras.editor.inc-rename",
    "lazyvim.plugins.extras.editor.telescope",
    "lazyvim.plugins.extras.lang.json",
    "lazyvim.plugins.extras.lang.markdown",
    "lazyvim.plugins.extras.lang.nix",
    "lazyvim.plugins.extras.lang.python",
    "lazyvim.plugins.extras.lang.toml",
    "lazyvim.plugins.extras.ui.edgy",
    "lazyvim.plugins.extras.util.dot",
    "lazyvim.plugins.extras.util.project"
  ],
  "install_version": 8,
  "news": {
    "NEWS.md": "11866"
  },
  "version": 8
}